{"overall_loss": 9.974260330200195, "excess_loss": 408.944673538208, "pointwise/loss": {"0": 42.63480758666992, "1": 27.152708053588867, "2": 32.135128021240234, "3": 2.3341805934906006, "4": 31.37802505493164, "5": 8.921154022216797, "6": 10.562262535095215, "7": 1.027727484703064, "8": 7.739088535308838, "9": 7.470627784729004, "10": 12.406098365783691, "11": 36.95055389404297, "12": 1.0561381578445435, "13": 0.6951496005058289, "14": 0.6098175644874573, "15": 1.6845462322235107, "16": 0.6319816708564758, "17": 1.2953300476074219, "18": 5.1435322761535645, "19": 69.48107147216797, "20": 2.455751419067383, "21": 5.267733573913574, "22": 0.40623581409454346, "23": 0.41774171590805054, "24": 0.8596047759056091, "25": 26.55607032775879, "26": 2.651333808898926, "27": 0.8069838285446167, "28": 1.100160002708435, "29": 0.9435778260231018, "30": 14.091082572937012, "31": 7.999607086181641, "32": 0.3770994544029236, "33": 11.801403045654297, "34": 6.8463311195373535, "35": 1.002687692642212, "36": 2.086991548538208, "37": 11.111167907714844, "38": 5.688780307769775, "39": 1.2146968841552734, "40": 3.9496829509735107}, "n_points": 41, "n_dims": 1, "polynomial_degree": 4, "_timestamp": 1719245022, "_runtime": 8129, "_step": 500000, "_wandb": {"runtime": 8129}}