{"overall_loss": 0.050556935369968414, "excess_loss": 2.072834350168705, "pointwise/loss": {"0": 1.4317419528961182, "1": 0.631712794303894, "2": 0.0024637910537421703, "3": 0.0006367348250932992, "4": 0.0004976933123543859, "5": 0.00024606165243312716, "6": 0.0002778283669613302, "7": 0.00037010968662798405, "8": 0.00011082275887019932, "9": 0.0001266177132492885, "10": 0.00017274453421123326, "11": 0.0001620498369447887, "12": 0.00019131471344735473, "13": 0.00013650137407239527, "14": 0.00023315154248848557, "15": 8.891140896594152e-05, "16": 9.65325380093418e-05, "17": 0.00020850688451901078, "18": 0.00010050929267890751, "19": 0.00020827831758651882, "20": 0.00013466255040839314, "21": 0.0001534748007543385, "22": 0.00016440356557723135, "23": 0.00016338226851075888, "24": 0.00022077979519963264, "25": 0.00015588392852805555, "26": 9.773060446605086e-05, "27": 0.0001175835495814681, "28": 0.00011462073598522693, "29": 0.00011556379467947409, "30": 0.00024225848028436303, "31": 0.00014321465278044343, "32": 0.0001302850287174806, "33": 0.00010781915625557303, "34": 0.00011486150469863787, "35": 0.00018278350762557238, "36": 0.0001053452942869626, "37": 0.00010962421220028773, "38": 0.0001124924820032902, "39": 0.0002539365377742797, "40": 0.00011103558063041419}, "n_points": 41, "n_dims": 1, "_timestamp": 1717715697, "_runtime": 8006, "_step": 500000, "_wandb": {"runtime": 8008}}