{"overall_loss": 8.293251037597656, "excess_loss": 1.6191585359119234, "pointwise/loss": {"0": 26.845870971679688, "1": 18.841583251953125, "2": 13.579122543334961, "3": 21.00658416748047, "4": 19.236238479614258, "5": 14.119165420532227, "6": 16.33765411376953, "7": 19.20049285888672, "8": 13.165976524353027, "9": 15.113577842712402, "10": 13.83212661743164, "11": 12.932313919067383, "12": 9.392387390136719, "13": 10.5556001663208, "14": 10.655130386352539, "15": 6.574705600738525, "16": 8.052701950073242, "17": 6.5970892906188965, "18": 9.093035697937012, "19": 5.310184001922607, "20": 4.9841413497924805, "21": 5.520617961883545, "22": 4.696143627166748, "23": 5.514676094055176, "24": 4.336347579956055, "25": 5.028902530670166, "26": 3.3790488243103027, "27": 3.3467016220092773, "28": 3.5978598594665527, "29": 3.4364585876464844, "30": 2.3877720832824707, "31": 3.3538732528686523, "32": 2.811473846435547, "33": 3.234238386154175, "34": 2.992253303527832, "35": 2.3304271697998047, "36": 1.096107006072998, "37": 1.404584288597107, "38": 2.001472234725952, "39": 2.673671007156372, "40": 1.4549760818481445}, "n_points": 41, "n_dims": 20, "_timestamp": 1717716395, "_runtime": 8582, "_step": 500000, "_wandb": {"runtime": 8583}}