{"overall_loss": 0.2032943069934845, "excess_loss": 8.335066586732864, "pointwise/loss": {"0": 4.1054368019104, "1": 2.876692295074463, "2": 1.1502200365066528, "3": 0.06002158671617508, "4": 0.011090641841292381, "5": 0.0440547838807106, "6": 0.01292710192501545, "7": 0.0022548565175384283, "8": 0.0015843021683394909, "9": 0.002720263320952654, "10": 0.010467956773936749, "11": 0.004365445580333471, "12": 0.0029632674995809793, "13": 0.0009782027918845415, "14": 0.0015868061454966664, "15": 0.0010452036513015628, "16": 0.0014138894621282816, "17": 0.0027307288255542517, "18": 0.00214499793946743, "19": 0.002276091603562236, "20": 0.001130702905356884, "21": 0.0014953103382140398, "22": 0.0029526876751333475, "23": 0.0029786797240376472, "24": 0.0009758035303093493, "25": 0.0024216712918132544, "26": 0.0018228173721581697, "27": 0.0036121923476457596, "28": 0.0016712094657123089, "29": 0.0016113023739308119, "30": 0.0011917639058083296, "31": 0.0012636459432542324, "32": 0.001293623703531921, "33": 0.0011521142441779375, "34": 0.0018414338119328022, "35": 0.001767485635355115, "36": 0.0010757616255432367, "37": 0.001469682320021093, "38": 0.004118597134947777, "39": 0.0012829704210162163, "40": 0.0009623764781281352}, "n_points": 41, "n_dims": 1, "_timestamp": 1717717034, "_runtime": 9424, "_step": 500000, "_wandb": {"runtime": 9426}}