{"overall_loss": 6.783068656921387, "excess_loss": 1.3243134044465563, "pointwise/loss": {"0": 22.690162658691406, "1": 22.456390380859375, "2": 13.348756790161133, "3": 13.394091606140137, "4": 18.16373062133789, "5": 19.715669631958008, "6": 11.770352363586426, "7": 17.231388092041016, "8": 10.495560646057129, "9": 9.133783340454102, "10": 11.820819854736328, "11": 7.5612711906433105, "12": 7.143077373504639, "13": 7.132943630218506, "14": 7.694424629211426, "15": 5.661223888397217, "16": 5.525304317474365, "17": 7.361664772033691, "18": 4.271633625030518, "19": 3.6535868644714355, "20": 3.4886386394500732, "21": 4.424864292144775, "22": 2.976419687271118, "23": 3.5046727657318115, "24": 3.316642999649048, "25": 3.5998921394348145, "26": 3.8466739654541016, "27": 2.6036388874053955, "28": 1.6336301565170288, "29": 2.6059107780456543, "30": 1.7324776649475098, "31": 2.7237377166748047, "32": 1.9022871255874634, "33": 1.4829881191253662, "34": 2.388054370880127, "35": 2.0783398151397705, "36": 1.179518222808838, "37": 1.8454691171646118, "38": 1.7484493255615234, "39": 1.4456143379211426, "40": 1.352096438407898}, "n_points": 41, "n_dims": 20, "_timestamp": 1717601045, "_runtime": 8840, "_step": 500000, "_wandb": {"runtime": 8942}}