{"overall_loss": 45.496788024902344, "excess_loss": 8.882706233433314, "pointwise/loss": {"0": 73.82235717773438, "1": 102.8006820678711, "2": 87.20616149902344, "3": 73.50143432617188, "4": 62.10184097290039, "5": 38.295799255371094, "6": 54.842567443847656, "7": 34.87238311767578, "8": 50.917728424072266, "9": 72.22795104980469, "10": 56.92818069458008, "11": 50.08222198486328, "12": 42.7507209777832, "13": 46.81696319580078, "14": 49.73191833496094, "15": 55.24678039550781, "16": 36.75308609008789, "17": 51.4255485534668, "18": 34.6212043762207, "19": 51.71591567993164, "20": 45.0657844543457, "21": 42.12548828125, "22": 46.57970428466797, "23": 40.92036437988281, "24": 41.401241302490234, "25": 40.994903564453125, "26": 25.130191802978516, "27": 32.80716323852539, "28": 41.1988639831543, "29": 30.22882843017578, "30": 38.39906311035156, "31": 40.143585205078125, "32": 29.052982330322266, "33": 31.919445037841797, "34": 33.54518508911133, "35": 27.87230682373047, "36": 21.958147048950195, "37": 30.86136817932129, "38": 27.39766502380371, "39": 41.930423736572266, "40": 29.174236297607422}, "n_points": 41, "n_dims": 20, "_timestamp": 1717716670, "_runtime": 8836, "_step": 500000, "_wandb": {"runtime": 8837}}